id,nombre,marca,area,grupo,precio,alquilable
1542,ROSSIGNOL SKI BLACK OPS,Rossignol,invierno,Skis,,si
1066,ROSSIGNOL SKI COBRA X,Rossignol,invierno,Skis,,si
154,ROSSIGNOL SKI PASSION 1 + SAPHIR 90,Rossignol,invierno,Skis,,si
1078,ROSSIGNOL SKI EXPERIENCE 88,Rossignol,invierno,Skis,,si
1065,ROSSIGNOL SKI RPM 50,Rossignol,invierno,Skis,,si
1070,ROSSIGNOL SKI 9S T-POWER,Rossignol,invierno,Skis,,si
387,ROSSIGNOL COMP 9J + COMP JR,Rossignol,invierno,Skis,,si
1597,SALOMON SKI TNT,Salomon,invierno,Skis,,si
1009,SALOMON SKI VERSE 3,Salomon,invierno,Skis,,si
1586,ATOMIC SKI BACKLAND 100,Atomic,invierno,Skis,,si
404,ROSSIGNOL BOTA SALTO X,Rossignol,invierno,Botas Ski,,si
1567,ROSSIGNOL BOTA SKI ALL TRACK,Rossignol,invierno,Botas Ski,,si
115,ROSSIGNOL BOTA RADICAL R14,Rossignol,invierno,Botas Ski,,si
1588,ATOMIC BOTA SKI HAWX PRIME XTD 130,Atomic,invierno,Botas Ski,,si
1589,ROSSIGNOL FIJACION SKI FTX 105 SS,Rossignol,invierno,Fijaciones Ski,,si
1599,MARKER FIJACION SKI TOUR F10,Marker,invierno,Fijaciones Ski,,si
455,ROSSIGNOL SNOWBOARD CIRCUIT,Rossignol,invierno,Snowboards,,si
1085,ROSSIGNOL FIJACION SNOWBOARD HC3000,Rossignol,invierno,Fijaciones Snowboard,,si
1477,ROSSIGNOL FIJACION SNOWBOARD REFLET,Rossignol,invierno,Fijaciones Snowboard,,si
1007,ROSSIGNOL BASTON RACING GRAFITO,Rossignol,invierno,Bastones,,si
164,ROSSIGNOL CASCO AIR X,Rossignol,invierno,Cascos,,si
473,CARRERA CASCO EVA BASIC,Carrera,invierno,Cascos,,si
140,CARRERA ANTIPARRA RAPTOR,Carrera,invierno,Antiparras,,si
141,CARRERA ANTIPARRA KIMERIK OTG,Carrera,invierno,Antiparras,,si
142,CARRERA ANTIPARRA KIMERIK SF,Carrera,invierno,Antiparras,,si
212,RUSTY ANTIPARRA KIZS,Rusty,invierno,Antiparras,,si
213,RUSTY ANTIPARRA TALIV,Rusty,invierno,Antiparras,,si
1098,ROSSIGNOL ANTIPARRA ADDICT,Rossignol,invierno,Antiparras,,si
1088,CARRERA ANTEOJOS CHRONOS,Carrera,invierno,Anteojos,,no
1218,TRESPASS CAMPERA NATE,Trespass,invierno,Camperas,,no
1557,TRESPASS CAMPERA STELLAN,Trespass,invierno,Camperas,,no
1222,TRESPASS CAMPERA HARTFORD,Trespass,invierno,Camperas,,no
1630,TRESPASS CAMPERA WARNO,Trespass,invierno,Camperas,,no
366,RAFFIKE CAMPERA USHUAIA,Raffike,invierno,Camperas,,no
244,RAFFIKE CAMPERA K2,Raffike,invierno,Camperas,,no
246,RAFFIKE CAMPERA NEXUS,Raffike,invierno,Camperas,,no
994,NATURE NET CAMPERA SPORT SHELL LADY,Nature Net,invierno,Camperas,,no
993,NATURE NET CAMPERA SPORT SHELL MENS,Nature Net,invierno,Camperas,,no
1114,NATURE NET CAMPERA BURTON LADY,Nature Net,invierno,Camperas,,no
841,NATURE NET CAMPERA SILVERSTAR WOMENS,Nature Net,invierno,Camperas,,no
923,CROSS CAMPERA STORM,Cross,invierno,Camperas,,no
180,LIPPI CAMPERA LLULLAILLACO,Lippi,invierno,Camperas,,no
433,LIPPI CAMPERA INCAHUASI,Lippi,invierno,Camperas,,no
434,LIPPI CAMPERA KIÑEWEN,Lippi,invierno,Camperas,,no
1051,LIPPI CAMPERA MANASLU,Lippi,invierno,Camperas,,no
1664,MAMMUT CAMPERA PULSE,Mammut,invierno,Camperas,,no
1445,THE NORTH FACE CAMPERA VENTURE 2 W,The North Face,invierno,Camperas,,no
1465,THE NORTH FACE CAMPERA DESCENDIT MENS,The North Face,invierno,Camperas,,no
1466,THE NORTH FACE CAMPERA DESCENDIT WOMENS,The North Face,invierno,Camperas,,no
1294,DUKE CAMPERA SOLAR PRO,Duke,invierno,Camperas,,no
1215,TRESPASS PANTALON INVIERNO NANDO JUNIOR,Trespass,invierno,Pantalones Invierno,,no
1206,TRESPASS PANTALON INVIERNO GLASTO,Trespass,invierno,Pantalones Invierno,,no
1205,TRESPASS PANTALON INVIERNO FAGAN,Trespass,invierno,Pantalones Invierno,,no
373,CROSS PANTALON INVIERNO ST. MORITZ JUNIOR,Cross,invierno,Pantalones Invierno,,no
256,OUTSIDE PANTALON INVIERNO CATEDRAL,Outside,invierno,Pantalones Invierno,,no
240,RAFFIKE PANTALON DE INVIERNO ALPINE,Raffike,invierno,Pantalones Invierno,,no
1462,THE NORTH FACE PANTALON INVIERNO SEYMORE,The North Face,invierno,Pantalones Invierno,,no
1063,NATURE NET CALZA TERMICA,Nature Net,invierno,Primera Piel,,no
1074,NATURE NET CAMISETA TERMICA,Nature Net,invierno,Primera Piel,,no
231,RAFFIKE CALZA POWER DRY LADY,Raffike,invierno,Primera Piel,,no
232,RAFFIKE CAMISETA POWER DRY,Raffike,invierno,Primera Piel,,no
1579,ECO GORRO BOINA,ECO,invierno,Gorros,,no
1580,ECO GORRO POLAR,ECO,invierno,Gorros,,no
1163,ECO BOLSO SNOWBOARD,ECO,invierno,Bolsos y Fundas,,no
1479,THULE BOLSO SNOWBOARD ROUNDTRIP,Thule,invierno,Bolsos y Fundas,,no
1478,THULE BOLSO SKI ROUNDTRIP,Thule,invierno,Bolsos y Fundas,,no
1692,ECO ESCARPINES BOTAS SKI,ECO,invierno,Accesorios de Nieve,,no
965,ECO PITA SNOWBOARD,ECO,invierno,Accesorios de Nieve,,no
1675,ECO BOTA APRESKI FURIO,ECO,invierno,Apreski,,no
302,NATURE NET PANTUFLAS POLAR,Nature Net,invierno,Apreski,,no
1129,COLEMAN CARPA INSTANT 4 PAX,Coleman,camping-trekking,Carpas,,no
1020,COLEMAN CARPA MONTANA 6 PAX,Coleman,camping-trekking,Carpas,,no
1419,COLEMAN CARPA DARWIN 2+,Coleman,camping-trekking,Carpas,,no
1435,COLEMAN CARPA DARWIN 3,Coleman,camping-trekking,Carpas,,no
1262,DOITE CARPA ZOLO 1 PAX,Doite,camping-trekking,Carpas,,no
1298,DOITE CARPA PRO TEIDE 2,Doite,camping-trekking,Carpas,,no
478,DOITE CARPA HI CAMPER 2,Doite,camping-trekking,Carpas,,no
479,DOITE CARPA HI CAMPER 4,Doite,camping-trekking,Carpas,,no
1257,DOITE CARPA EVEREST 2 PAX,Doite,camping-trekking,Carpas,,no
3,OUTSIDE CARPA ALUMINE,Outside,camping-trekking,Carpas,,no
258,OUTSIDE CARPA SUPER NOVA,Outside,camping-trekking,Carpas,,no
257,OUTSIDE CARPA NOVA,Outside,camping-trekking,Carpas,,no
480,WATERDOG CARPA PATAGONIA,Waterdog,camping-trekking,Carpas,,no
1289,WATERDOG CARPA TERRA 3 PAX,Waterdog,camping-trekking,Carpas,,no
1352,NATIONAL GEOGRAPHIC CARPA MY FIRST TENT,National Geographic,camping-trekking,Carpas,,no
1345,NATIONAL GEOGRAPHIC CARPA ROCKPORT IV,National Geographic,camping-trekking,Carpas,,no
1347,NATIONAL GEOGRAPHIC CARPA ROCKPORT III,National Geographic,camping-trekking,Carpas,,no
87,DOITE BOLSA DE DORMIR VALAIS,Doite,camping-trekking,Bolsas de Dormir,,no
88,DOITE BOLSA DE DORMIR TRANGO,Doite,camping-trekking,Bolsas de Dormir,,no
93,DOITE BOLSA DE DORMIR GLACIAR EXPANDIBLE,Doite,camping-trekking,Bolsas de Dormir,,no
1450,OUTSIDE BOLSA DE DORMIR ACONCAGUA,Outside,camping-trekking,Bolsas de Dormir,,no
4,OUTSIDE BOLSA DE DORMIR LANIN,Outside,camping-trekking,Bolsas de Dormir,,no
960,X-TERRA BOLSA DE DORMIR POLAR 200,X-Terra,camping-trekking,Bolsas de Dormir,,no
1422,NATIONAL GEOGRAPHIC BOLSA DE DORMIR LINER,National Geographic,camping-trekking,Bolsas de Dormir,,no
1324,WATERDOG BOLSA DE DORMIR ICYNENE,Waterdog,camping-trekking,Bolsas de Dormir,,no
1433,WATERDOG BOLSA DE DORMIR TROM 250,Waterdog,camping-trekking,Bolsas de Dormir,,no
1118,WATERDOG BOLSA DE DORMIR SNAKE,Waterdog,camping-trekking,Bolsas de Dormir,,no
1524,WATERDOG BOLSA DE DORMIR FINLAND,Waterdog,camping-trekking,Bolsas de Dormir,,no
1423,WATERDOG BOLSA DE DORMIR MINESSOTA 300,Waterdog,camping-trekking,Bolsas de Dormir,,no
1432,WATERDOG BOLSA DE DORMIR BOSQUE 210,Waterdog,camping-trekking,Bolsas de Dormir,,no
1071,WATERDOG BOLSA DE DORMIR EVEREST 300,Waterdog,camping-trekking,Bolsas de Dormir,,no
1042,WATERDOG BOLSA DE DORMIR ALPAX 350,Waterdog,camping-trekking,Bolsas de Dormir,,no
1011,OUTSIDE MOCHILA YAK 60,Outside,camping-trekking,Mochilas,,no
1010,OUTSIDE MOCHILA YAK 70,Outside,camping-trekking,Mochilas,,no
1263,DOITE MOCHILA GABELA,Doite,camping-trekking,Mochilas,,no
1264,DOITE MOCHILA MUSALA,Doite,camping-trekking,Mochilas,,no
160,DOITE MOCHILA KIDDY,Doite,camping-trekking,Mochilas,,no
1388,NATIONAL GEOGRAPHIC MOCHILA TACOMA 29,National Geographic,camping-trekking,Mochilas,,no
1310,NATIONAL GEOGRAPHIC MOCHILA AUSTIN 30,National Geographic,camping-trekking,Mochilas,,no
1302,NATIONAL GEOGRAPHIC MOCHILA AUSTIN 35,National Geographic,camping-trekking,Mochilas,,no
1381,NATIONAL GEOGRAPHIC MOCHILA OREGON 12,National Geographic,camping-trekking,Mochilas,,no
1385,NATIONAL GEOGRAPHIC MOCHILA DAYTONA 25,National Geographic,camping-trekking,Mochilas,,no
1306,NATIONAL GEOGRAPHIC MOCHILA EVEREST 55,National Geographic,camping-trekking,Mochilas,,no
1303,NATIONAL GEOGRAPHIC MOCHILA NEW LAKE 65,National Geographic,camping-trekking,Mochilas,,no
1383,NATIONAL GEOGRAPHIC MOCHILA TAHOE 14,National Geographic,camping-trekking,Mochilas,,no
1547,TRESPASS MOCHILA TREK 66,Trespass,camping-trekking,Mochilas,,no
1446,THE NORTH FACE MOCHILA VAULT 28,The North Face,camping-trekking,Mochilas,,no
1441,THE NORTH FACE MOCHILA PIVOTER 27,The North Face,camping-trekking,Mochilas,,no
1440,THE NORTH FACE MOCHILA SLACKPACK 20,The North Face,camping-trekking,Mochilas,,no
195,WATERDOG COLCHON QUEEN F-541,Waterdog,camping-trekking,Colchones,,no
194,WATERDOG COLCHON KING F-601,Waterdog,camping-trekking,Colchones,,no
1660,TRESPASS COLCHONETA SERENE AUTOINFLABLE,Trespass,camping-trekking,Colchones,,no
1317,SOFTAIR SILLON INFLABLE,Softair,camping-trekking,Colchones,,no
1689,VALVULAS TAPONES DE INFLABLES,,camping-trekking,Colchones,,no
1414,COLEMAN CALENTADOR BUTANO,Coleman,camping-trekking,Calentadores,,no
1273,EKOCOCINA CALENTADOR SONKOY,Ekococina,camping-trekking,Calentadores,,no
192,DOITE ANAFE SUPERCELL,Doite,camping-trekking,Calentadores,,no
1690,FOCO CALENTADOR ADAPTADOR CARTUCHOS GAS,Foco,camping-trekking,Calentadores,,no
1148,DOITE CARTUCHO 230G,Doite,camping-trekking,Cartuchos,,no
1149,DOITE CARTUCHO 450G,Doite,camping-trekking,Cartuchos,,no
928,BROGAS CARTUCHOS 190G,Brogas,camping-trekking,Cartuchos,,no
1260,DOITE MARMITA 2 PAX,Doite,camping-trekking,Vajilla,,no
1258,DOITE MARMITA 6 PAX,Doite,camping-trekking,Vajilla,,no
1666,COLEMAN MESA COMPACT 70 ECO,Coleman,camping-trekking,Muebles de Camping,,no
1145,COLEMAN MESA EXPONENT,Coleman,camping-trekking,Muebles de Camping,,no
1417,COLEMAN CATRE BIG-N-TALL,Coleman,camping-trekking,Muebles de Camping,,no
1357,COLEMAN HELADERA TERMOELECTRICA 40QT,Coleman,camping-trekking,Conservadoras,,no
1517,WATERDOG LINTERNA WOL H18+2,Waterdog,camping-trekking,Linternas,,no
1551,ECO LINTERNA TACTICA MILITAR BALIZA,ECO,camping-trekking,Linternas,,no
1615,BROKSOL FAROL LED SOLAR INFLABLE,Broksol,camping-trekking,Linternas,,no
1014,GOAL ZERO LINTERNA LUNA,Goal Zero,camping-trekking,Linternas,,no
1016,GOAL ZERO LINTERNA SPARK,Goal Zero,camping-trekking,Linternas,,no
1623,WATERDOG TERMO SB3048 LUNCHERA TERMICA,Waterdog,camping-trekking,Termos y Cantimploras,,no
354,WATERDOG CANTIMPLORA MILITAR 6033,Waterdog,camping-trekking,Termos y Cantimploras,,no
1293,CHILLY MATERA,Chilly,camping-trekking,Termos y Cantimploras,,no
1682,NIVA BOTA HIKING LUMBERJACK,Niva,camping-trekking,Botas Hiking,,no
156,TIMBERLAND BOTA HIKING LANDSCAPE,Timberland,camping-trekking,Botas Hiking,,no
1128,HUSH PUPPIES BOTA HIKING RIGGS,Hush Puppies,camping-trekking,Botas Hiking,,no
1722,TRESPASS BOTA HIKING GERRARD,Trespass,camping-trekking,Botas Hiking,,no
1496,TRESPASS BOTA HIKING TENSING LADY,Trespass,camping-trekking,Botas Hiking,,no
95,SALOMON BOTA SOLARIS 2 MID GTX,Salomon,camping-trekking,Botas Hiking,,no
1667,NIVA ZAPATILLA LANNIN,Niva,camping-trekking,Zapatillas,,no
1407,THULE BOLSO CHASM 40 DUFFEL,Thule,camping-trekking,Bolsos y Fundas,,no
1442,THE NORTH FACE BOLSO BASE CAMP 95 DUFFEL,The North Face,camping-trekking,Bolsos y Fundas,,no
1648,TRESPASS PANTALON VERANO QIKPAC,Trespass,camping-trekking,Pantalones Verano,,no
1514,AROLA IMPERMEABILIZANTE,Arola,camping-trekking,Cuidado del Equipo,,no
1135,NITE IZE MOSQUETON FIGURE 9 LARGE 67KG,Nite Ize,escalada-montanismo,Mosquetones,,no
1143,NITE IZE LLAVERO MOSQUETON DOOHICKEY,Nite Ize,escalada-montanismo,Mosquetones,,no
472,ATLANTIKAYAK KAYAK K1,Atlantikayak,nautica,Kayaks,,no
386,ATLANTIKAYAK KAYAK FISHING MDQ,Atlantikayak,nautica,Kayaks,,no
220,SEVYLOR BOTE FISH HUNTER HF 360,Sevylor,nautica,Botes,,no
865,SEVYLOR BOTE CARAVELLE K105,Sevylor,nautica,Botes,,no
73,SEVYLOR BOTE CARAVELLE K85,Sevylor,nautica,Botes,,no
1616,ECO BOTE PACKRAFT 2,ECO,nautica,Botes,,no
949,AQUAFLOAT SALVAVIDAS AQUAFIT 3 TIRAS,Aquafloat,nautica,Salvavidas,,no
1018,AQUAFLOAT SALVAVIDAS TORPEDO ECO LIVIANO,Aquafloat,nautica,Salvavidas,,no
1017,AQUAFLOAT SALVAVIDAS TORPEDO BAYWATCH,Aquafloat,nautica,Salvavidas,,no
1620,ZULU-K SALVAVIDAS SKI PRO JUNIOR,Zulu-K,nautica,Salvavidas,,no
1122,HYDROX BOTA NAUTICA LINUX 3MM,Hydrox,nautica,Calzado Náutico,,no
1427,HYDROX BOTA NAUTICA LINUX 4MM,Hydrox,nautica,Calzado Náutico,,no
1510,HYDROX BOTA NAUTICA MEDIA 3MM,Hydrox,nautica,Calzado Náutico,,no
1504,WATERDOG INFLADOR HB 115,Waterdog,nautica,Motores e Infladores,,no
462,WATERDOG MOTOR NAUTICO MEC 48LBS,Waterdog,nautica,Motores e Infladores,,no
1364,NATIONAL GEOGRAPHIC BOLSO ESTANCO 2010,National Geographic,nautica,Bolsos Estancos,,no
899,NATIONAL GEOGRAPHIC TRAJE DE NEOPRENE SHORTY,National Geographic,surf-kitesurf,Trajes de Neoprene,,no
898,NATIONAL GEOGRAPHIC TRAJE DE NEOPRENE ENTERO,National Geographic,surf-kitesurf,Trajes de Neoprene,,no
503,THERMOSKIN TRAJE DE NEOPRENE ABSOLUT 5.4,Thermoskin,surf-kitesurf,Trajes de Neoprene,,no
181,RIP CURL TRAJE DE NEOPRENE STOMP SPRING,Rip Curl,surf-kitesurf,Trajes de Neoprene,,no
1428,HYDROX TRAJE DE NEOPRENE JARDINERO 3MM,Hydrox,surf-kitesurf,Trajes de Neoprene,,no
533,MITCHELL CAÑA PREMIUM II SPIN 212,Mitchell,pesca,Cañas,,no
537,MITCHELL CAÑA CHALLENGE PRO 242,Mitchell,pesca,Cañas,,no
468,MM WADER RESPIRABLE,MM,pesca,Waders,,no
